date,segment,close_price,bh_equity,bh_cumulative_return,bh_daily_return,ma_5_20_equity,ma_5_20_cumulative_return,ma_5_20_daily_return,ma_10_30_equity,ma_10_30_cumulative_return,ma_10_30_daily_return,ma_20_50_equity,ma_20_50_cumulative_return,ma_20_50_daily_return,macd_equity,macd_cumulative_return,macd_daily_return,kdj_equity,kdj_cumulative_return,kdj_daily_return,data_source
2024-01-02,seg1_2024-01-01_2024-03-01,48.13856887817383,101438.34562434624,0.014383456243462378,0.0,100000.0,0.0,0.0,100000.0,0.0,0.0,100000.0,0.0,0.0,100000.0,0.0,0.0,100000.0,0.0,0.0,E:\agent_proj\TradeSwarm\data\cache\NVDA_20230824_20250301.pkl
2024-01-03,seg1_2024-01-01_2024-03-01,47.53993606567383,100176.8971942916,0.00176897194291592,-0.012435617145474032,100000.0,0.0,0.0,100000.0,0.0,0.0,100000.0,0.0,0.0,100000.0,0.0,0.0,100000.0,0.0,0.0,E:\agent_proj\TradeSwarm\data\cache\NVDA_20230824_20250301.pkl
2024-01-04,seg1_2024-01-01_2024-03-01,47.96867752075195,101080.34789748478,0.010803478974847902,0.009018553463888468,100000.0,0.0,0.0,100000.0,0.0,0.0,100000.0,0.0,0.0,100000.0,0.0,0.0,100000.0,0.0,0.0,E:\agent_proj\TradeSwarm\data\cache\NVDA_20230824_20250301.pkl
2024-01-05,seg1_2024-01-01_2024-03-01,49.06700134277344,103394.75304209188,0.03394753042091869,0.022896687563386253,100000.0,0.0,0.0,100000.0,0.0,0.0,100000.0,0.0,0.0,100000.0,0.0,0.0,100000.0,0.0,0.0,E:\agent_proj\TradeSwarm\data\cache\NVDA_20230824_20250301.pkl
2024-01-08,seg1_2024-01-01_2024-03-01,52.221073150634766,110041.06251131475,0.10041062511314758,0.06428091632964361,99717.55717455223,-0.0028244282544777066,-0.0028244282544777066,100000.0,0.0,0.0,100000.0,0.0,0.0,99717.55717455223,-0.0028244282544777066,-0.0028244282544777066,99717.55717455223,-0.0028244282544777066,-0.0028244282544777066,E:\agent_proj\TradeSwarm\data\cache\NVDA_20230824_20250301.pkl
2024-01-09,seg1_2024-01-01_2024-03-01,53.1075325012207,111909.02352640509,0.11909023526405083,0.01697512703404014,101410.27537511443,0.014102753751144448,0.01697512703404036,100000.0,0.0,0.0,100000.0,0.0,0.0,101410.27537511443,0.014102753751144448,0.01697512703404036,101410.27537511443,0.014102753751144448,0.01697512703404036,E:\agent_proj\TradeSwarm\data\cache\NVDA_20230824_20250301.pkl
2024-01-10,seg1_2024-01-01_2024-03-01,54.316795349121094,114457.20112234559,0.14457201122345587,0.022770081586309887,103719.39561909593,0.03719395619095933,0.022770081586309665,100000.0,0.0,0.0,100000.0,0.0,0.0,103719.39561909593,0.03719395619095933,0.022770081586309665,103719.39561909593,0.03719395619095933,0.022770081586309665,E:\agent_proj\TradeSwarm\data\cache\NVDA_20230824_20250301.pkl
2024-01-11,seg1_2024-01-01_2024-03-01,54.78850555419922,115451.19624792442,0.15451196247924415,0.008684426281893254,104620.1390643525,0.04620139064352502,0.008684426281893254,100000.0,0.0,0.0,100000.0,0.0,0.0,104620.1390643525,0.04620139064352502,0.008684426281893254,104620.1390643525,0.04620139064352502,0.008684426281893254,E:\agent_proj\TradeSwarm\data\cache\NVDA_20230824_20250301.pkl
2024-01-12,seg1_2024-01-01_2024-03-01,54.67657470703125,115215.33381525044,0.15215333815250442,-0.0020429622242066348,104406.40407235276,0.04406404072352754,-0.002042962224206857,100000.0,0.0,0.0,100000.0,0.0,0.0,104406.40407235276,0.04406404072352754,-0.002042962224206857,104406.40407235276,0.04406404072352754,-0.002042962224206857,E:\agent_proj\TradeSwarm\data\cache\NVDA_20230824_20250301.pkl
2024-01-16,seg1_2024-01-01_2024-03-01,56.347557067871094,118736.45399395835,0.18736453993958357,0.030561211447376113,107597.19026366813,0.07597190263668141,0.030561211447376335,100000.0,0.0,0.0,100000.0,0.0,0.0,107597.19026366813,0.07597190263668141,0.030561211447376335,107597.19026366813,0.07597190263668141,0.030561211447376335,E:\agent_proj\TradeSwarm\data\cache\NVDA_20230824_20250301.pkl
2024-01-17,seg1_2024-01-01_2024-03-01,56.018760681152344,118043.60910277723,0.18043609102777225,-0.005835148919104194,106969.34463520245,0.06969344635202446,-0.005835148919104194,100000.0,0.0,0.0,100000.0,0.0,0.0,106969.34463520245,0.06969344635202446,-0.005835148919104194,106969.34463520245,0.06969344635202446,-0.005835148919104194,E:\agent_proj\TradeSwarm\data\cache\NVDA_20230824_20250301.pkl
2024-01-18,seg1_2024-01-01_2024-03-01,57.072113037109375,120263.24967036866,0.20263249670368655,0.01880356407655115,108980.74956127716,0.08980749561277168,0.01880356407655115,100000.0,0.0,0.0,100000.0,0.0,0.0,108980.74956127716,0.08980749561277168,0.01880356407655115,108980.74956127716,0.08980749561277168,0.01880356407655115,E:\agent_proj\TradeSwarm\data\cache\NVDA_20230824_20250301.pkl
2024-01-19,seg1_2024-01-01_2024-03-01,59.45465850830078,125283.78676992531,0.2528378676992531,0.04174622848889853,113530.28483335365,0.13530284833353656,0.04174622848889853,100000.0,0.0,0.0,100000.0,0.0,0.0,113530.28483335365,0.13530284833353656,0.04174622848889853,113530.28483335365,0.13530284833353656,0.04174622848889853,E:\agent_proj\TradeSwarm\data\cache\NVDA_20230824_20250301.pkl
2024-01-22,seg1_2024-01-01_2024-03-01,59.617557525634766,125627.05012833569,0.2562705012833568,0.0027398865189216526,113841.3449302579,0.13841344930257904,0.0027398865189216526,100000.0,0.0,0.0,100000.0,0.0,0.0,113841.3449302579,0.13841344930257904,0.0027398865189216526,113841.3449302579,0.13841344930257904,0.0027398865189216526,E:\agent_proj\TradeSwarm\data\cache\NVDA_20230824_20250301.pkl
2024-01-23,seg1_2024-01-01_2024-03-01,59.836421966552734,126088.24470308305,0.2608824470308304,0.0036711406840821414,114259.272523162,0.14259272523161992,0.0036711406840821414,100000.0,0.0,0.0,100000.0,0.0,0.0,114259.272523162,0.14259272523161992,0.0036711406840821414,114259.272523162,0.14259272523161992,0.0036711406840821414,E:\agent_proj\TradeSwarm\data\cache\NVDA_20230824_20250301.pkl
2024-01-24,seg1_2024-01-01_2024-03-01,61.32451248168945,129223.9723225884,0.292239723225884,0.024869309798779993,117100.82176892374,0.17100821768923735,0.024869309798779993,100000.0,0.0,0.0,100000.0,0.0,0.0,117100.82176892374,0.17100821768923735,0.024869309798779993,118986.29360163872,0.18986293601638726,0.04137100625700629,E:\agent_proj\TradeSwarm\data\cache\NVDA_20230824_20250301.pkl
2024-01-25,seg1_2024-01-01_2024-03-01,61.57936477661133,129761.00106643965,0.29761001066439663,0.004155798140229372,117587.46914625035,0.17587469146250356,0.004155798140229372,100000.0,0.0,0.0,100000.0,0.0,0.0,117587.46914625035,0.17587469146250356,0.004155798140229372,118986.29360163872,0.18986293601638726,0.0,E:\agent_proj\TradeSwarm\data\cache\NVDA_20230824_20250301.pkl
2024-01-26,seg1_2024-01-01_2024-03-01,60.99371337890625,128526.90727677726,0.2852690727677727,-0.009510513787039265,116469.15189975189,0.16469151899751888,-0.009510513787039265,100000.0,0.0,0.0,100000.0,0.0,0.0,116469.15189975189,0.16469151899751888,-0.009510513787039265,118986.29360163872,0.18986293601638726,0.0,E:\agent_proj\TradeSwarm\data\cache\NVDA_20230824_20250301.pkl
2024-01-29,seg1_2024-01-01_2024-03-01,62.42683410644531,131546.80169967597,0.31546801699675964,0.023496203922463543,119205.73484346482,0.19205734843464817,0.02349620392246332,100000.0,0.0,0.0,100000.0,0.0,0.0,119205.73484346482,0.19205734843464817,0.02349620392246332,118986.29360163872,0.18986293601638726,0.0,E:\agent_proj\TradeSwarm\data\cache\NVDA_20230824_20250301.pkl
2024-01-30,seg1_2024-01-01_2024-03-01,62.735652923583984,132197.54954362396,0.3219754954362395,0.004946892174799267,119795.43276035316,0.1979543276035316,0.004946892174799267,100000.0,0.0,0.0,100000.0,0.0,0.0,119795.43276035316,0.1979543276035316,0.004946892174799267,121569.74946379445,0.2156974946379444,0.021712213936212033,E:\agent_proj\TradeSwarm\data\cache\NVDA_20230824_20250301.pkl
2024-01-31,seg1_2024-01-01_2024-03-01,61.489418029785156,129571.46387401855,0.29571463874018544,-0.01986485890753087,117415.71339080214,0.17415713390802146,-0.01986485890753087,100000.0,0.0,0.0,100000.0,0.0,0.0,117415.71339080214,0.17415713390802146,-0.01986485890753087,120264.45320733584,0.20264453207335853,-0.010737015270787742,E:\agent_proj\TradeSwarm\data\cache\NVDA_20230824_20250301.pkl
2024-02-01,seg1_2024-01-01_2024-03-01,62.988494873046875,132730.34205606568,0.32730342056065687,0.02437942805924065,120278.24132843761,0.20278241328437607,0.02437942805924065,100000.0,0.0,0.0,100000.0,0.0,0.0,120278.24132843761,0.20278241328437607,0.02437942805924065,120264.45320733584,0.20264453207335853,0.0,E:\agent_proj\TradeSwarm\data\cache\NVDA_20230824_20250301.pkl
2024-02-02,seg1_2024-01-01_2024-03-01,66.11959075927734,139328.23630369507,0.39328236303695063,0.04970901261478278,126257.1539439168,0.2625715394391679,0.04970901261478278,100000.0,0.0,0.0,100000.0,0.0,0.0,126257.1539439168,0.2625715394391679,0.04970901261478278,116624.37160483912,0.16624371604839117,-0.030267310958635663,E:\agent_proj\TradeSwarm\data\cache\NVDA_20230824_20250301.pkl
2024-02-05,seg1_2024-01-01_2024-03-01,69.28964233398438,146008.21858767056,0.4600821858767057,0.04794421045720454,132310.4535043316,0.32310453504331615,0.04794421045720454,100000.0,0.0,0.0,100000.0,0.0,0.0,132310.4535043316,0.32310453504331615,0.04794421045720454,122215.83502150075,0.22215835021500752,0.04794421045720454,E:\agent_proj\TradeSwarm\data\cache\NVDA_20230824_20250301.pkl
2024-02-06,seg1_2024-01-01_2024-03-01,68.18132019042969,143672.7448234725,0.436727448234725,-0.01599549523163135,130194.08227620811,0.301940822762081,-0.01599549523163124,100000.0,0.0,0.0,100000.0,0.0,0.0,130194.08227620811,0.301940822762081,-0.01599549523163124,120260.9322151845,0.20260932215184502,-0.01599549523163135,E:\agent_proj\TradeSwarm\data\cache\NVDA_20230824_20250301.pkl
2024-02-07,seg1_2024-01-01_2024-03-01,70.05616760253906,147623.45262834642,0.4762345262834642,0.02749796288591888,133774.15431860552,0.3377415431860553,0.02749796288591866,100000.0,0.0,0.0,100000.0,0.0,0.0,133774.15431860552,0.3377415431860553,0.02749796288591866,123567.86286586363,0.2356786286586363,0.02749796288591866,E:\agent_proj\TradeSwarm\data\cache\NVDA_20230824_20250301.pkl
2024-02-08,seg1_2024-01-01_2024-03-01,69.59845733642578,146658.9583932288,0.466589583932288,-0.006533475663557442,132900.14413695195,0.3290014413695195,-0.006533475663557331,100000.0,0.0,0.0,100000.0,0.0,0.0,132900.14413695195,0.3290014413695195,-0.006533475663557331,122760.53524103173,0.2276053524103172,-0.00653347566355722,E:\agent_proj\TradeSwarm\data\cache\NVDA_20230824_20250301.pkl
2024-02-09,seg1_2024-01-01_2024-03-01,72.08895874023438,151906.9819233176,0.519069819233176,0.03578385928541472,137655.82419375997,0.3765582419375997,0.03578385928541472,100000.0,0.0,0.0,100000.0,0.0,0.0,137655.82419375997,0.3765582419375997,0.03578385928541472,127153.38095989899,0.2715338095989899,0.03578385928541472,E:\agent_proj\TradeSwarm\data\cache\NVDA_20230824_20250301.pkl
2024-02-12,seg1_2024-01-01_2024-03-01,72.20386505126953,152149.11430001332,0.5214911430001332,0.0015939515987353214,137875.24091480882,0.3787524091480883,0.0015939515987350994,100000.0,0.0,0.0,100000.0,0.0,0.0,137875.24091480882,0.3787524091480883,0.0015939515987350994,124098.50460474899,0.24098504604748983,-0.024025128801832163,E:\agent_proj\TradeSwarm\data\cache\NVDA_20230824_20250301.pkl
2024-02-13,seg1_2024-01-01_2024-03-01,72.08395385742188,151896.43555593744,0.5189643555593744,-0.0016607309561962325,137646.2672341286,0.37646267234128605,-0.0016607309561960104,100000.0,0.0,0.0,100000.0,0.0,0.0,137646.2672341286,0.37646267234128605,-0.0016607309561960104,124098.50460474899,0.24098504604748983,0.0,E:\agent_proj\TradeSwarm\data\cache\NVDA_20230824_20250301.pkl
2024-02-14,seg1_2024-01-01_2024-03-01,73.85486602783203,155628.12939309832,0.5562812939309831,0.02456735619570649,141027.87211027884,0.4102787211027885,0.02456735619570649,100000.0,0.0,0.0,100000.0,0.0,0.0,141027.87211027884,0.4102787211027885,0.02456735619570649,124098.50460474899,0.24098504604748983,0.0,E:\agent_proj\TradeSwarm\data\cache\NVDA_20230824_20250301.pkl
2024-02-15,seg1_2024-01-01_2024-03-01,72.61360931396484,153012.53382214464,0.5301253382214464,-0.016806701854951922,138657.6587104831,0.3865765871048312,-0.01680670185495181,100000.0,0.0,0.0,100000.0,0.0,0.0,138657.6587104831,0.3865765871048312,-0.01680670185495181,124098.50460474899,0.24098504604748983,0.0,E:\agent_proj\TradeSwarm\data\cache\NVDA_20230824_20250301.pkl
2024-02-16,seg1_2024-01-01_2024-03-01,72.56863403320312,152917.7612067392,0.5291776120673921,-0.0006193781191520253,138571.777190625,0.3857177719062499,-0.0006193781191519143,100000.0,0.0,0.0,100000.0,0.0,0.0,138571.777190625,0.3857177719062499,-0.0006193781191519143,124098.50460474899,0.24098504604748983,0.0,E:\agent_proj\TradeSwarm\data\cache\NVDA_20230824_20250301.pkl
2024-02-20,seg1_2024-01-01_2024-03-01,69.40958404541016,146260.9616388646,0.46260961638864595,-0.04353189266794755,132539.48545915596,0.3253948545915595,-0.04353189266794766,100000.0,0.0,0.0,100000.0,0.0,0.0,129779.98991787968,0.2977998991787967,-0.06344572791796543,124098.50460474899,0.24098504604748983,0.0,E:\agent_proj\TradeSwarm\data\cache\NVDA_20230824_20250301.pkl
2024-02-21,seg1_2024-01-01_2024-03-01,67.43079376220703,142091.22378949812,0.4209122378949812,-0.028508891249204527,128760.93168197534,0.28760931681975355,-0.028508891249204638,100000.0,0.0,0.0,100000.0,0.0,0.0,129779.98991787968,0.2977998991787967,0.0,124098.50460474899,0.24098504604748983,0.0,E:\agent_proj\TradeSwarm\data\cache\NVDA_20230824_20250301.pkl
2024-02-22,seg1_2024-01-01_2024-03-01,78.49002075195312,165395.3999598164,0.653953999598164,0.16400855414435989,149878.8259174168,0.49878825917416814,0.16400855414435966,100000.0,0.0,0.0,100000.0,0.0,0.0,129779.98991787968,0.2977998991787967,0.0,124098.50460474899,0.24098504604748983,0.0,E:\agent_proj\TradeSwarm\data\cache\NVDA_20230824_20250301.pkl
2024-02-23,seg1_2024-01-01_2024-03-01,78.76885986328125,165982.97409855053,0.6598297409855054,0.0035525422041779997,150411.2767720011,0.5041127677200108,0.0035525422041779997,100000.0,0.0,0.0,100000.0,0.0,0.0,128342.15828340962,0.28342158283409624,-0.011078993266834702,122723.61810780871,0.22723618107808718,-0.011078993266834813,E:\agent_proj\TradeSwarm\data\cache\NVDA_20230824_20250301.pkl
2024-02-26,seg1_2024-01-01_2024-03-01,79.04369354248047,166562.10792802466,0.6656210792802466,0.003489115872392201,150936.07914517308,0.5093607914517309,0.003489115872392423,100000.0,0.0,0.0,100000.0,0.0,0.0,128789.95894497335,0.2878995894497334,0.003489115872392201,123151.81503166608,0.2315181503166608,0.003489115872392201,E:\agent_proj\TradeSwarm\data\cache\NVDA_20230824_20250301.pkl
2024-02-27,seg1_2024-01-01_2024-03-01,78.65291595458984,165738.655279837,0.65738655279837,-0.004943817404997608,150189.87873005305,0.5018987873005305,-0.004943817404997719,100000.0,0.0,0.0,100000.0,0.0,0.0,128153.24490435224,0.28153244904352226,-0.00494381740499783,122542.97494505545,0.2254297494505546,-0.00494381740499783,E:\agent_proj\TradeSwarm\data\cache\NVDA_20230824_20250301.pkl
2024-02-28,seg1_2024-01-01_2024-03-01,77.61555480957031,163552.7116421675,0.6355271164216749,-0.013189099633870494,148209.00945548344,0.4820900945548343,-0.013189099633870605,100000.0,0.0,0.0,100000.0,0.0,0.0,126463.01898890492,0.2646301898890493,-0.013189099633870494,120926.74343907423,0.20926743439074236,-0.013189099633870383,E:\agent_proj\TradeSwarm\data\cache\NVDA_20230824_20250301.pkl
2024-02-29,seg1_2024-01-01_2024-03-01,79.06367492675781,166604.21301364753,0.6660421301364754,0.01865760182659848,150974.23414101842,0.5097423414101843,0.01865760182659848,100000.0,0.0,0.0,100000.0,0.0,0.0,128822.51564298949,0.28822515642989477,0.01865760182659848,123182.94646834771,0.2318294646834771,0.01865760182659848,E:\agent_proj\TradeSwarm\data\cache\NVDA_20230824_20250301.pkl
2024-03-01,seg1_2024-01-01_2024-03-01,82.22872924804688,173273.6650070224,0.7327366500702241,0.04003171272042527,157017.9913103379,0.5701799131033791,0.040031712720425494,100000.0,0.0,0.0,100000.0,0.0,0.0,133979.50158113212,0.3397950158113212,0.04003171272042527,128114.17079342413,0.2811417079342413,0.04003171272042527,E:\agent_proj\TradeSwarm\data\cache\NVDA_20230824_20250301.pkl
2024-10-01,seg2_2024-10-01_2025-01-01,116.95362091064453,100480.93150012888,0.004809315001288672,0.0,100000.0,0.0,0.0,100000.0,0.0,0.0,100000.0,0.0,0.0,100000.0,0.0,0.0,100000.0,0.0,0.0,E:\agent_proj\TradeSwarm\data\cache\NVDA_20240204_20250203.pkl
2024-10-02,seg2_2024-10-01_2025-01-01,118.80288696289062,102069.7320355413,0.02069732035541305,0.015811960654548374,100000.0,0.0,0.0,100000.0,0.0,0.0,98288.12567488613,-0.017118743251138713,-0.017118743251138713,100000.0,0.0,0.0,100000.0,0.0,0.0,E:\agent_proj\TradeSwarm\data\cache\NVDA_20240204_20250203.pkl
2024-10-03,seg2_2024-10-01_2025-01-01,122.80130004882812,105504.97643643302,0.05504976436433018,0.03365585793539205,100000.0,0.0,0.0,100000.0,0.0,0.0,101596.09686933608,0.015960968693360833,0.033655857935392275,100000.0,0.0,0.0,100000.0,0.0,0.0,E:\agent_proj\TradeSwarm\data\cache\NVDA_20240204_20250203.pkl
2024-10-04,seg2_2024-10-01_2025-01-01,124.87047576904297,107282.71279197081,0.07282712791970813,0.01684978676440818,100000.0,0.0,0.0,100000.0,0.0,0.0,103307.96943768053,0.033079694376805246,0.01684978676440796,100000.0,0.0,0.0,99943.99282628759,-0.0005600717371241348,-0.0005600717371241348,E:\agent_proj\TradeSwarm\data\cache\NVDA_20240204_20250203.pkl
2024-10-07,seg2_2024-10-01_2025-01-01,127.66937255859375,109687.39042740421,0.09687390427404208,0.022414399979764132,100000.0,0.0,0.0,100000.0,0.0,0.0,105623.55558575396,0.05623555585753959,0.022414399979764132,100000.0,0.0,0.0,102184.17745707069,0.021841774570706907,0.022414399979764354,E:\agent_proj\TradeSwarm\data\cache\NVDA_20240204_20250203.pkl
2024-10-08,seg2_2024-10-01_2025-01-01,132.83731079101562,114127.43463882389,0.14127434638823888,0.0404790759823781,100000.0,0.0,0.0,100000.0,0.0,0.0,109899.09951783865,0.0989909951783865,0.04047907598237832,100000.0,0.0,0.0,106320.49854055227,0.06320498540552277,0.04047907598237832,E:\agent_proj\TradeSwarm\data\cache\NVDA_20240204_20250203.pkl
2024-10-09,seg2_2024-10-01_2025-01-01,132.59742736816406,113921.33832823613,0.1392133832823612,-0.0018058437153168905,100000.0,0.0,0.0,100000.0,0.0,0.0,109700.63891965536,0.09700638919655358,-0.0018058437153170015,100000.0,0.0,0.0,106128.50033645345,0.06128500336453446,-0.0018058437153170015,E:\agent_proj\TradeSwarm\data\cache\NVDA_20240204_20250203.pkl
2024-10-10,seg2_2024-10-01_2025-01-01,134.75656127929688,115776.36243894663,0.15776362438946623,0.016283377091003803,100000.0,0.0,0.0,100000.0,0.0,0.0,111486.93579030817,0.11486935790308173,0.016283377091003803,100000.0,0.0,0.0,107856.63072753465,0.07856630727534641,0.016283377091003803,E:\agent_proj\TradeSwarm\data\cache\NVDA_20240204_20250203.pkl
2024-10-11,seg2_2024-10-01_2025-01-01,134.74656677246094,115767.77563890624,0.15767775638906234,-7.416712582342111e-05,100000.0,0.0,0.0,100000.0,0.0,0.0,111478.66712471374,0.11478667124713748,-7.416712582342111e-05,100000.0,0.0,0.0,107848.63131123259,0.0784863131123259,-7.416712582342111e-05,E:\agent_proj\TradeSwarm\data\cache\NVDA_20240204_20250203.pkl
2024-10-14,seg2_2024-10-01_2025-01-01,138.01527404785156,118576.09186952074,0.1857609186952074,0.02425818596855467,100000.0,0.0,0.0,100000.0,0.0,0.0,114182.93736335164,0.14182937363351633,0.024258185968554447,100000.0,0.0,0.0,110464.84346603455,0.10464843466034557,0.02425818596855467,E:\agent_proj\TradeSwarm\data\cache\NVDA_20240204_20250203.pkl
2024-10-15,seg2_2024-10-01_2025-01-01,131.54783630371094,113019.58011819285,0.13019580118192864,-0.04686030433050681,100000.0,0.0,0.0,100000.0,0.0,0.0,108832.29016915378,0.08832290169153789,-0.04686030433050681,100000.0,0.0,0.0,107192.5717657574,0.07192571765757405,-0.02962274328739989,E:\agent_proj\TradeSwarm\data\cache\NVDA_20240204_20250203.pkl
2024-10-16,seg2_2024-10-01_2025-01-01,135.66619873046875,116557.87922918766,0.16557879229187655,0.03130695678832418,100000.0,0.0,0.0,100000.0,0.0,0.0,112239.49797465383,0.12239497974653823,0.03130695678832418,100000.0,0.0,0.0,107192.5717657574,0.07192571765757405,0.0,E:\agent_proj\TradeSwarm\data\cache\NVDA_20240204_20250203.pkl
2024-10-17,seg2_2024-10-01_2025-01-01,136.87571716308594,117597.03934949556,0.1759703934949557,0.008915400032842191,100000.0,0.0,0.0,100000.0,0.0,0.0,113240.15799858325,0.13240157998583246,0.008915400032842191,100000.0,0.0,0.0,107192.5717657574,0.07192571765757405,0.0,E:\agent_proj\TradeSwarm\data\cache\NVDA_20240204_20250203.pkl
2024-10-18,seg2_2024-10-01_2025-01-01,137.94529724121094,118515.97115961961,0.18515971159619604,0.007814242732701926,100000.0,0.0,0.0,100000.0,0.0,0.0,114125.04408027368,0.14125044080273685,0.007814242732701704,100000.0,0.0,0.0,107192.5717657574,0.07192571765757405,0.0,E:\agent_proj\TradeSwarm\data\cache\NVDA_20240204_20250203.pkl
2024-10-21,seg2_2024-10-01_2025-01-01,143.6530303955078,123419.7812309307,0.23419781230930714,0.04137678680206358,100000.0,0.0,0.0,100000.0,0.0,0.0,118847.17169795927,0.18847171697959264,0.04137678680206358,100000.0,0.0,0.0,107792.62031582845,0.07792620315828458,0.005597855711329647,E:\agent_proj\TradeSwarm\data\cache\NVDA_20240204_20250203.pkl
2024-10-22,seg2_2024-10-01_2025-01-01,143.5330810546875,123316.72652082764,0.23316726520827635,-0.0008349934595187625,100000.0,0.0,0.0,100000.0,0.0,0.0,118747.93508690917,0.18747935086909173,-0.0008349934595187625,100000.0,0.0,0.0,107702.61418288034,0.07702614182880341,-0.0008349934595187625,E:\agent_proj\TradeSwarm\data\cache\NVDA_20240204_20250203.pkl
2024-10-23,seg2_2024-10-01_2025-01-01,139.50466918945312,119855.70861019635,0.19855708610196343,-0.028066086477301466,100000.0,0.0,0.0,100000.0,0.0,0.0,115415.145271759,0.15415145271759,-0.028066086477301466,100000.0,0.0,0.0,105624.92030035687,0.056249203003568615,-0.019291025554825647,E:\agent_proj\TradeSwarm\data\cache\NVDA_20240204_20250203.pkl
2024-10-24,seg2_2024-10-01_2025-01-01,140.35433959960938,120585.70460019504,0.20585704600195043,0.00609062345434741,100000.0,0.0,0.0,100000.0,0.0,0.0,116118.09546253808,0.16118095462538085,0.00609062345434741,100000.0,0.0,0.0,105624.92030035687,0.056249203003568615,0.0,E:\agent_proj\TradeSwarm\data\cache\NVDA_20240204_20250203.pkl
2024-10-25,seg2_2024-10-01_2025-01-01,141.48388671875,121556.15721056143,0.21556157210561433,0.008047824686881144,100000.0,0.0,0.0,100000.0,0.0,0.0,117052.59353779511,0.17052593537795113,0.008047824686881144,100000.0,0.0,0.0,105624.92030035687,0.056249203003568615,0.0,E:\agent_proj\TradeSwarm\data\cache\NVDA_20240204_20250203.pkl
2024-10-28,seg2_2024-10-01_2025-01-01,140.4643096923828,120680.18561987611,0.206801856198761,-0.007206311969602308,100000.0,0.0,0.0,100000.0,0.0,0.0,116209.0760319107,0.16209076031910707,-0.007206311969602308,100000.0,0.0,0.0,105624.92030035687,0.056249203003568615,0.0,E:\agent_proj\TradeSwarm\data\cache\NVDA_20240204_20250203.pkl
2024-10-29,seg2_2024-10-01_2025-01-01,141.19400024414062,121307.10068053495,0.2130710068053494,0.0051948466721249975,100000.0,0.0,0.0,100000.0,0.0,0.0,116812.76436380579,0.16812764363805788,0.0051948466721249975,100000.0,0.0,0.0,105624.92030035687,0.056249203003568615,0.0,E:\agent_proj\TradeSwarm\data\cache\NVDA_20240204_20250203.pkl
2024-10-30,seg2_2024-10-01_2025-01-01,139.28475952148438,119666.77279007099,0.19666772790070985,-0.013522109433509621,100000.0,0.0,0.0,100000.0,0.0,0.0,115233.20938084765,0.15233209380847645,-0.01352210943350951,100000.0,0.0,0.0,105624.92030035687,0.056249203003568615,0.0,E:\agent_proj\TradeSwarm\data\cache\NVDA_20240204_20250203.pkl
2024-10-31,seg2_2024-10-01_2025-01-01,132.70736694335938,114015.79312868042,0.1401579312868042,-0.047222629386888926,100000.0,0.0,0.0,100000.0,0.0,0.0,109791.5942411941,0.09791594241194113,-0.047222629386888926,100000.0,0.0,0.0,105624.92030035687,0.056249203003568615,0.0,E:\agent_proj\TradeSwarm\data\cache\NVDA_20240204_20250203.pkl
2024-11-01,seg2_2024-10-01_2025-01-01,135.34632873535156,116283.06229904,0.16283062299039996,0.019885571183991146,100000.0,0.0,0.0,100000.0,0.0,0.0,111974.86280388123,0.11974862803881225,0.019885571183990924,100000.0,0.0,0.0,105624.92030035687,0.056249203003568615,0.0,E:\agent_proj\TradeSwarm\data\cache\NVDA_20240204_20250203.pkl
2024-11-04,seg2_2024-10-01_2025-01-01,135.99606323242188,116841.2829593757,0.16841282959375703,0.004800532848886929,100000.0,0.0,0.0,100000.0,0.0,0.0,112512.40181102087,0.12512401811020868,0.004800532848886929,100000.0,0.0,0.0,105624.92030035687,0.056249203003568615,0.0,E:\agent_proj\TradeSwarm\data\cache\NVDA_20240204_20250203.pkl
2024-11-05,seg2_2024-10-01_2025-01-01,139.8545379638672,120156.29905008357,0.20156299050083581,0.028371959009218184,100000.0,0.0,0.0,100000.0,0.0,0.0,115704.59906323184,0.1570459906323185,0.028371959009218184,100000.0,0.0,0.0,105624.92030035687,0.056249203003568615,0.0,E:\agent_proj\TradeSwarm\data\cache\NVDA_20240204_20250203.pkl
2024-11-06,seg2_2024-10-01_2025-01-01,145.5522918701172,125051.53543097267,0.2505153543097267,0.040740572234574834,100000.0,0.0,0.0,100000.0,0.0,0.0,120418.47063923994,0.20418470639239938,0.04074057223457461,100000.0,0.0,0.0,105062.12773079786,0.05062127730797861,-0.0053282176967200945,E:\agent_proj\TradeSwarm\data\cache\NVDA_20240204_20250203.pkl
2024-11-07,seg2_2024-10-01_2025-01-01,148.8209991455078,127859.85166158716,0.27859851661587154,0.02245727108376583,100073.96557835475,0.0007396557835475104,0.0007396557835475104,100000.0,0.0,0.0,123122.74087787785,0.23122740877877845,0.02245727108376583,100073.96557835475,0.0007396557835475104,0.0007396557835475104,107421.53641388562,0.07421536413885632,0.02245727108376583,E:\agent_proj\TradeSwarm\data\cache\NVDA_20240204_20250203.pkl
2024-11-08,seg2_2024-10-01_2025-01-01,147.5714569091797,126786.30501226254,0.26786305012262535,-0.008396276355505439,99233.71690736753,-0.007662830926324693,-0.00839627635550555,100000.0,0.0,0.0,122088.96831981989,0.22088968319819902,-0.00839627635550555,99233.71690736753,-0.007662830926324693,-0.00839627635550555,106519.59550762165,0.06519595507621645,-0.008396276355505439,E:\agent_proj\TradeSwarm\data\cache\NVDA_20240204_20250203.pkl
2024-11-11,seg2_2024-10-01_2025-01-01,145.20240783691406,124750.93188146707,0.24750931881467064,-0.016053572431175556,97640.66124538034,-0.023593387546196554,-0.016053572431175556,100000.0,0.0,0.0,120129.00422385016,0.20129004223850155,-0.016053572431175556,97640.66124538034,-0.023593387546196554,-0.016053572431175556,104809.57546580052,0.048095754658005196,-0.016053572431175556,E:\agent_proj\TradeSwarm\data\cache\NVDA_20240204_20250203.pkl
2024-11-12,seg2_2024-10-01_2025-01-01,148.231201171875,127353.12558225702,0.2735312558225702,0.02085911232520843,99677.35876580537,-0.0032264123419463164,0.02085911232520865,100000.0,0.0,0.0,122634.7886164709,0.22634788616470902,0.02085911232520865,99677.35876580537,-0.0032264123419463164,0.02085911232520865,106995.81017319908,0.0699581017319908,0.02085911232520865,E:\agent_proj\TradeSwarm\data\cache\NVDA_20240204_20250203.pkl
2024-11-13,seg2_2024-10-01_2025-01-01,146.2120361328125,125618.35600096715,0.2561835600096716,-0.01362172756544866,98319.58094025408,-0.01680419059745919,-0.013621727565448771,100000.0,0.0,0.0,120964.29093589095,0.2096429093589096,-0.01362172756544866,98319.58094025408,-0.01680419059745919,-0.013621727565448771,105538.34239637529,0.055383423963752954,-0.013621727565448771,E:\agent_proj\TradeSwarm\data\cache\NVDA_20240204_20250203.pkl
2024-11-14,seg2_2024-10-01_2025-01-01,146.70181274414062,126039.14853180146,0.2603914853180147,0.0033497694463624494,98648.92886846689,-0.013510711315331103,0.0033497694463622274,100000.0,0.0,0.0,121369.49342176889,0.21369493421768881,0.0033497694463624494,98648.92886846689,-0.013510711315331103,0.0033497694463622274,105891.8715111544,0.05891871511154401,0.0033497694463624494,E:\agent_proj\TradeSwarm\data\cache\NVDA_20240204_20250203.pkl
2024-11-15,seg2_2024-10-01_2025-01-01,141.92369079589844,121934.0157411938,0.21934015741193802,-0.03257029929531685,95435.9037300585,-0.04564096269941498,-0.03257029929531674,100000.0,0.0,0.0,117416.4526957009,0.1741645269570089,-0.03257029929531674,93768.90835034125,-0.06231091649658749,-0.049468560623018853,100653.55304581992,0.006535530458199101,-0.049468560623018965,E:\agent_proj\TradeSwarm\data\cache\NVDA_20240204_20250203.pkl
2024-11-18,seg2_2024-10-01_2025-01-01,140.09442138671875,120362.39536067135,0.20362395360671348,-0.012889105398269152,94205.82030810272,-0.05794179691897283,-0.012889105398269152,100000.0,0.0,0.0,115903.05966141513,0.1590305966141512,-0.01288910539826904,93768.90835034125,-0.06231091649658749,0.0,100653.55304581992,0.006535530458199101,0.0,E:\agent_proj\TradeSwarm\data\cache\NVDA_20240204_20250203.pkl
2024-11-19,seg2_2024-10-01_2025-01-01,146.95172119140625,126253.85786166639,0.26253857861666385,0.0489477006779484,98816.97860266433,-0.011830213973356707,0.0489477006779484,100000.0,0.0,0.0,121576.24793338048,0.21576247933380488,0.0489477006779484,93768.90835034125,-0.06231091649658749,0.0,100653.55304581992,0.006535530458199101,0.0,E:\agent_proj\TradeSwarm\data\cache\NVDA_20240204_20250203.pkl
2024-11-20,seg2_2024-10-01_2025-01-01,145.83216857910156,125291.99205134038,0.25291992051340384,-0.0076185062905554934,98064.14082956624,-0.019358591704337624,-0.0076185062905554934,100000.0,0.0,0.0,120650.01852371788,0.20650018523717883,-0.0076185062905554934,93768.90835034125,-0.06231091649658749,0.0,100653.55304581992,0.006535530458199101,0.0,E:\agent_proj\TradeSwarm\data\cache\NVDA_20240204_20250203.pkl
2024-11-21,seg2_2024-10-01_2025-01-01,146.6118621826172,125961.86733143794,0.2596186733143795,0.005346513126098795,98588.44204571113,-0.014115579542888779,0.005346513126098795,100000.0,0.0,0.0,121295.07543141901,0.2129507543141902,0.005346513126098795,93768.90835034125,-0.06231091649658749,0.0,100653.55304581992,0.006535530458199101,0.0,E:\agent_proj\TradeSwarm\data\cache\NVDA_20240204_20250203.pkl
2024-11-22,seg2_2024-10-01_2025-01-01,141.8937225341797,121908.268450691,0.21908268450691004,-0.032181159001723025,95415.75171650594,-0.045842482834940634,-0.032181159001723025,100000.0,0.0,0.0,117391.65932283453,0.1739165932283453,-0.032181159001723025,93768.90835034125,-0.06231091649658749,0.0,100653.55304581992,0.006535530458199101,0.0,E:\agent_proj\TradeSwarm\data\cache\NVDA_20240204_20250203.pkl
2024-11-25,seg2_2024-10-01_2025-01-01,135.96607971191406,116815.52255925453,0.16815522559254537,-0.04177522949147916,91429.7367914469,-0.08570263208553097,-0.04177522949147916,100000.0,0.0,0.0,112487.59581423757,0.12487595814237573,-0.04177522949147916,93768.90835034125,-0.06231091649658749,0.0,100653.55304581992,0.006535530458199101,0.0,E:\agent_proj\TradeSwarm\data\cache\NVDA_20240204_20250203.pkl
2024-11-26,seg2_2024-10-01_2025-01-01,136.86572265625,117588.45254945518,0.1758845254945518,0.006616671939369878,90750.82300223502,-0.09249176997764985,-0.007425524922602622,100000.0,0.0,0.0,113231.88933298882,0.13231889332988822,0.006616671939369878,93768.90835034125,-0.06231091649658749,0.0,100653.55304581992,0.006535530458199101,0.0,E:\agent_proj\TradeSwarm\data\cache\NVDA_20240204_20250203.pkl
2024-11-27,seg2_2024-10-01_2025-01-01,135.2863311767578,116231.51527956089,0.16231515279560882,-0.011539715341721934,90750.82300223502,-0.09249176997764985,0.0,100000.0,0.0,0.0,111925.22556248076,0.11925225562480768,-0.011539715341722045,93768.90835034125,-0.06231091649658749,0.0,100653.55304581992,0.006535530458199101,0.0,E:\agent_proj\TradeSwarm\data\cache\NVDA_20240204_20250203.pkl
2024-11-29,seg2_2024-10-01_2025-01-01,138.19520568847656,118730.68048948454,0.1873068048948454,0.021501614290346582,90750.82300223502,-0.09249176997764985,0.0,100000.0,0.0,0.0,114331.79859188528,0.1433179859188527,0.021501614290346804,93768.90835034125,-0.06231091649658749,0.0,100653.55304581992,0.006535530458199101,0.0,E:\agent_proj\TradeSwarm\data\cache\NVDA_20240204_20250203.pkl
2024-12-02,seg2_2024-10-01_2025-01-01,138.57504272460938,119057.01821987455,0.19057018219874555,0.0027485543672842727,90750.82300223502,-0.09249176997764985,0.0,100000.0,0.0,0.0,114646.04575622447,0.1464604575622448,0.0027485543672842727,93768.90835034125,-0.06231091649658749,0.0,100653.55304581992,0.006535530458199101,0.0,E:\agent_proj\TradeSwarm\data\cache\NVDA_20240204_20250203.pkl
2024-12-03,seg2_2024-10-01_2025-01-01,140.20440673828125,120456.8894899708,0.20456889489970798,0.011757990339645197,90750.82300223502,-0.09249176997764985,0.0,100000.0,0.0,0.0,115994.05285470469,0.15994052854704677,0.011757990339645197,93768.90835034125,-0.06231091649658749,0.0,99420.19133466206,-0.005798086653379442,-0.012253533768414648,E:\agent_proj\TradeSwarm\data\cache\NVDA_20240204_20250203.pkl
2024-12-04,seg2_2024-10-01_2025-01-01,145.0824737548828,124647.89028098238,0.24647890280982376,0.03479253705418417,90750.82300223502,-0.09249176997764985,0.0,100000.0,0.0,0.0,120029.780236717,0.20029780236716999,0.03479253705418417,93768.90835034125,-0.06231091649658749,0.0,102879.27202560738,0.028792720256073823,0.03479253705418439,E:\agent_proj\TradeSwarm\data\cache\NVDA_20240204_20250203.pkl
2024-12-05,seg2_2024-10-01_2025-01-01,145.01248168945312,124587.75646146286,0.24587756461462873,-0.0004824295010846802,90750.82300223502,-0.09249176997764985,0.0,100000.0,0.0,0.0,119971.8743297221,0.19971874329722095,-0.0004824295010846802,93768.90835034125,-0.06231091649658749,0.0,102829.64002973211,0.028296400297321167,-0.0004824295010846802,E:\agent_proj\TradeSwarm\data\cache\NVDA_20240204_20250203.pkl
2024-12-06,seg2_2024-10-01_2025-01-01,142.3933563232422,122337.52979500026,0.22337529795000255,-0.018061378825443786,90750.82300223502,-0.09249176997764985,0.0,100000.0,0.0,0.0,117805.01685905446,0.17805016859054468,-0.018061378825443675,93768.90835034125,-0.06231091649658749,0.0,100972.3949466711,0.009723949466710957,-0.018061378825443675,E:\agent_proj\TradeSwarm\data\cache\NVDA_20240204_20250203.pkl
2024-12-09,seg2_2024-10-01_2025-01-01,138.7645263671875,119219.81346094566,0.19219813460945656,-0.02548454541528611,90750.82300223502,-0.09249176997764985,0.0,100000.0,0.0,0.0,114802.80955676133,0.14802809556761343,-0.02548454541528622,93768.90835034125,-0.06231091649658749,0.0,98399.15936196246,-0.016008406380375373,-0.02548454541528611,E:\agent_proj\TradeSwarm\data\cache\NVDA_20240204_20250203.pkl
2024-12-10,seg2_2024-10-01_2025-01-01,135.0257568359375,116007.64232644674,0.16007642326446736,-0.02694326589892848,90750.82300223502,-0.09249176997764985,0.0,100000.0,0.0,0.0,111709.64693292946,0.11709646932929463,-0.02694326589892848,93768.90835034125,-0.06231091649658749,0.0,97371.28761587164,-0.02628712384128362,-0.010445940318552727,E:\agent_proj\TradeSwarm\data\cache\NVDA_20240204_20250203.pkl
2024-12-11,seg2_2024-10-01_2025-01-01,139.2643585205078,119649.24523029389,0.196492452302939,0.03139106037169204,90750.82300223502,-0.09249176997764985,0.0,100000.0,0.0,0.0,115216.33120390146,0.15216331203901445,0.03139106037169204,93768.90835034125,-0.06231091649658749,0.0,97371.28761587164,-0.02628712384128362,0.0,E:\agent_proj\TradeSwarm\data\cache\NVDA_20240204_20250203.pkl
2024-12-12,seg2_2024-10-01_2025-01-01,137.29501342773438,117957.27855302214,0.17957278553022138,-0.014141056000939622,90750.82300223502,-0.09249176997764985,0.0,100000.0,0.0,0.0,113587.05061212427,0.13587050612124263,-0.014141056000939733,93768.90835034125,-0.06231091649658749,0.0,97371.28761587164,-0.02628712384128362,0.0,E:\agent_proj\TradeSwarm\data\cache\NVDA_20240204_20250203.pkl
2024-12-13,seg2_2024-10-01_2025-01-01,134.20602416992188,115303.36740771409,0.15303367407714097,-0.022498918064773,90750.82300223502,-0.09249176997764985,0.0,100000.0,0.0,0.0,111031.46486718286,0.11031464867182872,-0.022498918064773,93768.90835034125,-0.06231091649658749,0.0,97371.28761587164,-0.02628712384128362,0.0,E:\agent_proj\TradeSwarm\data\cache\NVDA_20240204_20250203.pkl
2024-12-16,seg2_2024-10-01_2025-01-01,131.95675659179688,113370.90478121948,0.13370904781219473,-0.01675981083589173,90750.82300223502,-0.09249176997764985,0.0,100000.0,0.0,0.0,109170.59851917693,0.0917059851917692,-0.01675981083589162,93768.90835034125,-0.06231091649658749,0.0,97371.28761587164,-0.02628712384128362,0.0,E:\agent_proj\TradeSwarm\data\cache\NVDA_20240204_20250203.pkl
2024-12-17,seg2_2024-10-01_2025-01-01,130.3472900390625,111988.12845349373,0.1198812845349373,-0.01219692416139928,90750.82300223502,-0.09249176997764985,0.0,100000.0,0.0,0.0,110708.92063797347,0.10708920637973462,0.014090992809994596,93768.90835034125,-0.06231091649658749,0.0,97371.28761587164,-0.02628712384128362,0.0,E:\agent_proj\TradeSwarm\data\cache\NVDA_20240204_20250203.pkl
2024-12-18,seg2_2024-10-01_2025-01-01,128.86778259277344,110717.00674552981,0.10717006745529822,-0.01135050407143634,90750.82300223502,-0.09249176997764985,0.0,100000.0,0.0,0.0,110708.92063797347,0.10708920637973462,0.0,93768.90835034125,-0.06231091649658749,0.0,97371.28761587164,-0.02628712384128362,0.0,E:\agent_proj\TradeSwarm\data\cache\NVDA_20240204_20250203.pkl
2024-12-19,seg2_2024-10-01_2025-01-01,130.6371612548828,112237.17187390184,0.12237171873901831,0.013730186292571611,90750.82300223502,-0.09249176997764985,0.0,100000.0,0.0,0.0,110708.92063797347,0.10708920637973462,0.0,93768.90835034125,-0.06231091649658749,0.0,97371.28761587164,-0.02628712384128362,0.0,E:\agent_proj\TradeSwarm\data\cache\NVDA_20240204_20250203.pkl
2024-12-20,seg2_2024-10-01_2025-01-01,134.65586853027344,115689.85206724198,0.15689852067241983,0.03076235916937775,90750.82300223502,-0.09249176997764985,0.0,100000.0,0.0,0.0,110708.92063797347,0.10708920637973462,0.0,93768.90835034125,-0.06231091649658749,0.0,96242.36731318173,-0.037576326868182686,-0.011593975291191327,E:\agent_proj\TradeSwarm\data\cache\NVDA_20240204_20250203.pkl
2024-12-23,seg2_2024-10-01_2025-01-01,139.624267578125,119958.46179907664,0.19958461799076632,0.03689701089213626,90750.82300223502,-0.09249176997764985,0.0,100000.0,0.0,0.0,110708.92063797347,0.10708920637973462,0.0,93768.90835034125,-0.06231091649658749,0.0,99793.42298822117,-0.0020657701177883014,0.03689701089213604,E:\agent_proj\TradeSwarm\data\cache\NVDA_20240204_20250203.pkl
2024-12-24,seg2_2024-10-01_2025-01-01,140.17408752441406,120430.84067824521,0.2043084067824521,0.003937853754408582,90750.82300223502,-0.09249176997764985,0.0,100000.0,0.0,0.0,110708.92063797347,0.10708920637973462,0.0,94117.94596195802,-0.05882054038041984,0.0037223171065687843,100186.39489360062,0.0018639489360061656,0.003937853754408582,E:\agent_proj\TradeSwarm\data\cache\NVDA_20240204_20250203.pkl
2024-12-26,seg2_2024-10-01_2025-01-01,139.88417053222656,120181.75792898196,0.20181757928981958,-0.002068263809008264,90750.82300223502,-0.09249176997764985,0.0,100000.0,0.0,0.0,110708.92063797347,0.10708920637973462,0.0,93923.2852205467,-0.06076714779453296,-0.002068263809008264,99979.18299888718,-0.0002081700111282725,-0.002068263809008264,E:\agent_proj\TradeSwarm\data\cache\NVDA_20240204_20250203.pkl
2024-12-27,seg2_2024-10-01_2025-01-01,136.96511840820312,117673.84860359732,0.17673848603597309,-0.020867637223834,92218.13063334988,-0.07781869366650118,0.016168532500016264,100000.0,0.0,0.0,110708.92063797347,0.10708920637973462,0.0,91963.32817769363,-0.08036671822306363,-0.020867637223834112,97892.85367813108,-0.021071463218689135,-0.020867637223834,E:\agent_proj\TradeSwarm\data\cache\NVDA_20240204_20250203.pkl
2024-12-30,seg2_2024-10-01_2025-01-01,137.44496154785156,118086.10677286478,0.18086106772864774,0.0035033966693500673,92541.20732506445,-0.07458792674935555,0.0035033966693500673,100000.0,0.0,0.0,110708.92063797347,0.10708920637973462,0.0,92285.51219533372,-0.07714487804666281,0.0035033966693500673,98235.81117566022,-0.017641888243397852,0.0035033966693500673,E:\agent_proj\TradeSwarm\data\cache\NVDA_20240204_20250203.pkl
2024-12-31,seg2_2024-10-01_2025-01-01,134.2460174560547,115337.72771749404,0.15337727717494043,-0.02327436419474105,90387.36956275985,-0.09612630437240155,-0.02327436419474116,100000.0,0.0,0.0,110708.92063797347,0.10708920637973462,0.0,90137.6255746013,-0.0986237442539869,-0.02327436419474105,97171.21739221206,-0.028287826077879386,-0.01083712518589075,E:\agent_proj\TradeSwarm\data\cache\NVDA_20240204_20250203.pkl
2025-01-02,seg3_2025-01-01_2025-03-01,138.2646942138672,98785.80072157747,-0.012141992784225342,0.0,100000.0,0.0,0.0,100000.0,0.0,0.0,100000.0,0.0,0.0,100000.0,0.0,0.0,98785.80072157747,-0.012141992784225342,0.0,E:\agent_proj\TradeSwarm\data\cache\NVDA_20240903_20991231.pkl
2025-01-03,seg3_2025-01-01_2025-03-01,144.4226837158203,103185.49167120311,0.03185491671203122,0.044537685755323686,100000.0,0.0,0.0,100000.0,0.0,0.0,100000.0,0.0,0.0,100000.0,0.0,0.0,103185.49167120311,0.03185491671203122,0.044537685755323686,E:\agent_proj\TradeSwarm\data\cache\NVDA_20240903_20991231.pkl
2025-01-06,seg3_2025-01-01_2025-03-01,149.38104248046875,106728.08396937147,0.06728083969371457,0.03433227133768657,100000.0,0.0,0.0,97647.52076517612,-0.0235247923482389,-0.0235247923482389,100000.0,0.0,0.0,100000.0,0.0,0.0,106728.08396937147,0.06728083969371457,0.03433227133768657,E:\agent_proj\TradeSwarm\data\cache\NVDA_20240903_20991231.pkl
2025-01-07,seg3_2025-01-01_2025-03-01,140.09408569335938,100092.84373181502,0.000928437318150177,-0.06216958077745127,100000.0,0.0,0.0,91576.81533524765,-0.08423184664752348,-0.06216958077745127,100000.0,0.0,0.0,100000.0,0.0,0.0,101835.59306941096,0.018355930694109457,-0.04584070769381132,E:\agent_proj\TradeSwarm\data\cache\NVDA_20240903_20991231.pkl
2025-01-08,seg3_2025-01-01_2025-03-01,140.06411743164062,100071.4323458719,0.0007143234587190239,-0.00021391525252789645,100000.0,0.0,0.0,91557.22565766952,-0.08442774342330484,-0.00021391525252778543,100000.0,0.0,0.0,100000.0,0.0,0.0,101835.59306941096,0.018355930694109457,0.0,E:\agent_proj\TradeSwarm\data\cache\NVDA_20240903_20991231.pkl
2025-01-10,seg3_2025-01-01_2025-03-01,135.86549377441406,97071.64702637358,-0.029283529736264136,-0.029976440320453435,100000.0,0.0,0.0,88812.6659468361,-0.111873340531639,-0.029976440320453435,100000.0,0.0,0.0,100000.0,0.0,0.0,101835.59306941096,0.018355930694109457,0.0,E:\agent_proj\TradeSwarm\data\cache\NVDA_20240903_20991231.pkl
2025-01-13,seg3_2025-01-01_2025-03-01,133.18637084960938,95157.49746807064,-0.0484250253192936,-0.019718935620644085,100000.0,0.0,0.0,87061.37470473266,-0.12938625295267336,-0.019718935620644196,100000.0,0.0,0.0,100000.0,0.0,0.0,101835.59306941096,0.018355930694109457,0.0,E:\agent_proj\TradeSwarm\data\cache\NVDA_20240903_20991231.pkl
2025-01-14,seg3_2025-01-01_2025-03-01,131.7168426513672,94107.56551999324,-0.058924344800067585,-0.011033622951567179,100000.0,0.0,0.0,86100.77232259554,-0.13899227677404458,-0.011033622951567068,100000.0,0.0,0.0,100000.0,0.0,0.0,101835.59306941096,0.018355930694109457,0.0,E:\agent_proj\TradeSwarm\data\cache\NVDA_20240903_20991231.pkl
2025-01-15,seg3_2025-01-01_2025-03-01,136.1953887939453,97307.3467025906,-0.026926532974093975,0.034001317162088984,100000.0,0.0,0.0,89028.31199023694,-0.10971688009763059,0.034001317162089206,100000.0,0.0,0.0,100000.0,0.0,0.0,101835.59306941096,0.018355930694109457,0.0,E:\agent_proj\TradeSwarm\data\cache\NVDA_20240903_20991231.pkl
2025-01-16,seg3_2025-01-01_2025-03-01,133.52626037597656,95400.33790691126,-0.04599662093088741,-0.019597788453814435,100000.0,0.0,0.0,87283.55396545208,-0.12716446034547912,-0.019597788453814435,100000.0,0.0,0.0,100000.0,0.0,0.0,101835.59306941096,0.018355930694109457,0.0,E:\agent_proj\TradeSwarm\data\cache\NVDA_20240903_20991231.pkl
2025-01-17,seg3_2025-01-01_2025-03-01,137.66490173339844,98357.26774874034,-0.016427322512596598,0.0309949619330947,100000.0,0.0,0.0,89988.90439799648,-0.10011095602003528,0.030994961933094478,100000.0,0.0,0.0,100000.0,0.0,0.0,101835.59306941096,0.018355930694109457,0.0,E:\agent_proj\TradeSwarm\data\cache\NVDA_20240903_20991231.pkl
2025-01-21,seg3_2025-01-01_2025-03-01,140.78387451171875,100585.67627404754,0.0058567627404753075,0.022656267058981383,100000.0,0.0,0.0,92027.71704838263,-0.07972282951617371,0.022656267058981383,100000.0,0.0,0.0,97352.41190609435,-0.026475880939056506,-0.026475880939056506,99139.40603194703,-0.008605939680529695,-0.026475880939056395,E:\agent_proj\TradeSwarm\data\cache\NVDA_20240903_20991231.pkl
2025-01-22,seg3_2025-01-01_2025-03-01,147.02183532714844,105042.50422658962,0.05042504226589628,0.04430877355140872,101392.62383932866,0.01392623839328655,0.01392623839328655,96105.35232353254,-0.038946476764674554,0.04430877355140872,100000.0,0.0,0.0,101665.97787992495,0.016659778799249514,0.04430877355140872,103532.15152383773,0.03532151523837723,0.04430877355140872,E:\agent_proj\TradeSwarm\data\cache\NVDA_20240903_20991231.pkl
2025-01-23,seg3_2025-01-01_2025-03-01,147.17178344726562,105149.6374697989,0.051496374697988845,0.0010199037427571778,101496.03455587036,0.014960345558703514,0.0010199037427571778,96203.37053206631,-0.037966294679336876,0.0010199037427571778,100000.0,0.0,0.0,101769.66739127575,0.017696673912757532,0.0010199037427571778,103637.7443526726,0.036377443526725894,0.0010199037427571778,E:\agent_proj\TradeSwarm\data\cache\NVDA_20240903_20991231.pkl
2025-01-24,seg3_2025-01-01_2025-03-01,142.57327270507812,101864.14533186304,0.01864145331863032,-0.031245872234980543,98324.70242778046,-0.016752975722195362,-0.031245872234980543,93197.41230784687,-0.06802587692153128,-0.031245872234980654,100000.0,0.0,0.0,98589.78536657146,-0.014102146334285304,-0.031245872234980765,100399.4926339074,0.003994926339073945,-0.031245872234980654,E:\agent_proj\TradeSwarm\data\cache\NVDA_20240903_20991231.pkl
2025-01-27,seg3_2025-01-01_2025-03-01,118.3812026977539,84579.66775518392,-0.1542033224481607,-0.16968166296755394,81640.80340904478,-0.1835919659095523,-0.16968166296755405,79598.77611896055,-0.20401223881039443,-0.1459121648567635,100000.0,0.0,0.0,84204.33635097137,-0.15795663649028635,-0.1459121648567634,85749.9853131733,-0.14250014686826706,-0.1459121648567635,E:\agent_proj\TradeSwarm\data\cache\NVDA_20240903_20991231.pkl
2025-01-28,seg3_2025-01-01_2025-03-01,128.94775390625,92129.13819615025,-0.07870861803849749,0.08925869114097584,87211.30090350118,-0.12788699096498823,0.06823178192584112,79598.77611896055,-0.20401223881039443,0.0,100000.0,0.0,0.0,84204.33635097137,-0.15795663649028635,0.0,85749.9853131733,-0.14250014686826706,0.0,E:\agent_proj\TradeSwarm\data\cache\NVDA_20240903_20991231.pkl
2025-01-29,seg3_2025-01-01_2025-03-01,123.65947723388672,88350.82986887336,-0.1164917013112664,-0.04101100261279522,87211.30090350118,-0.12788699096498823,0.0,79598.77611896055,-0.20401223881039443,0.0,100000.0,0.0,0.0,84204.33635097137,-0.15795663649028635,0.0,85749.9853131733,-0.14250014686826706,0.0,E:\agent_proj\TradeSwarm\data\cache\NVDA_20240903_20991231.pkl
2025-01-30,seg3_2025-01-01_2025-03-01,124.60917663574219,89029.36039606623,-0.10970639603933774,0.007679956466735138,87211.30090350118,-0.12788699096498823,0.0,79598.77611896055,-0.20401223881039443,0.0,100000.0,0.0,0.0,84204.33635097137,-0.15795663649028635,0.0,85749.9853131733,-0.14250014686826706,0.0,E:\agent_proj\TradeSwarm\data\cache\NVDA_20240903_20991231.pkl
2025-01-31,seg3_2025-01-01_2025-03-01,120.03067016601562,85758.16068530522,-0.14241839314694782,-0.03674293172733545,87211.30090350118,-0.12788699096498823,0.0,79598.77611896055,-0.20401223881039443,0.0,100000.0,0.0,0.0,84204.33635097137,-0.15795663649028635,0.0,85749.9853131733,-0.14250014686826706,0.0,E:\agent_proj\TradeSwarm\data\cache\NVDA_20240903_20991231.pkl
2025-02-03,seg3_2025-01-01_2025-03-01,116.62179565429688,83322.62643620305,-0.1667737356379695,-0.02840002898429128,87211.30090350118,-0.12788699096498823,0.0,79598.77611896055,-0.20401223881039443,0.0,100000.0,0.0,0.0,84204.33635097137,-0.15795663649028635,0.0,85749.9853131733,-0.14250014686826706,0.0,E:\agent_proj\TradeSwarm\data\cache\NVDA_20240903_20991231.pkl
2025-02-04,seg3_2025-01-01_2025-03-01,118.61112976074219,84743.94345227348,-0.15256056547726515,0.017057995851327057,87211.30090350118,-0.12788699096498823,0.0,79598.77611896055,-0.20401223881039443,0.0,100000.0,0.0,0.0,84204.33635097137,-0.15795663649028635,0.0,85749.9853131733,-0.14250014686826706,0.0,E:\agent_proj\TradeSwarm\data\cache\NVDA_20240903_20991231.pkl
2025-02-05,seg3_2025-01-01_2025-03-01,124.78911590576172,89157.92137811014,-0.10842078621889861,0.0520860576699802,87211.30090350118,-0.12788699096498823,0.0,79598.77611896055,-0.20401223881039443,0.0,100000.0,0.0,0.0,84204.33635097137,-0.15795663649028635,0.0,85749.9853131733,-0.14250014686826706,0.0,E:\agent_proj\TradeSwarm\data\cache\NVDA_20240903_20991231.pkl
2025-02-06,seg3_2025-01-01_2025-03-01,128.6378631591797,91907.73094710808,-0.0809226905289192,0.030842010743344472,87211.30090350118,-0.12788699096498823,0.0,79598.77611896055,-0.20401223881039443,0.0,100000.0,0.0,0.0,84204.33635097137,-0.15795663649028635,0.0,85391.6585327854,-0.14608341467214603,-0.004178738679420535,E:\agent_proj\TradeSwarm\data\cache\NVDA_20240903_20991231.pkl
2025-02-07,seg3_2025-01-01_2025-03-01,129.79745483398438,92736.22294036031,-0.07263777059639687,0.009014388503715942,87211.30090350118,-0.12788699096498823,0.0,79598.77611896055,-0.20401223881039443,0.0,100000.0,0.0,0.0,84204.33635097137,-0.15795663649028635,0.0,86161.41211777658,-0.1383858788222342,0.009014388503715942,E:\agent_proj\TradeSwarm\data\cache\NVDA_20240903_20991231.pkl
2025-02-10,seg3_2025-01-01_2025-03-01,133.52626037597656,95400.33790691126,-0.04599662093088741,0.028727878730453238,87211.30090350118,-0.12788699096498823,0.0,79598.77611896055,-0.20401223881039443,0.0,100000.0,0.0,0.0,84833.10497219299,-0.15166895027807015,0.007467176258011854,88636.64671634066,-0.11363353283659339,0.028727878730453238,E:\agent_proj\TradeSwarm\data\cache\NVDA_20240903_20991231.pkl
2025-02-11,seg3_2025-01-01_2025-03-01,132.7565155029297,94850.37926368997,-0.05149620736310023,-0.005764745233480362,87211.30090350118,-0.12788699096498823,0.0,79598.77611896055,-0.20401223881039443,0.0,100000.0,0.0,0.0,84344.0637346632,-0.156559362653368,-0.005764745233480362,88125.67902967095,-0.11874320970329044,-0.005764745233480362,E:\agent_proj\TradeSwarm\data\cache\NVDA_20240903_20991231.pkl
2025-02-12,seg3_2025-01-01_2025-03-01,131.09706115722656,93664.7510219089,-0.06335248978091101,-0.012499984196003622,86932.90266807361,-0.13067097331926392,-0.0031922266098932672,79598.77611896055,-0.20401223881039443,0.0,100000.0,0.0,0.0,83289.76427095318,-0.16710235729046818,-0.012499984196003733,87024.10943453798,-0.12975890565462023,-0.01249998419600351,E:\agent_proj\TradeSwarm\data\cache\NVDA_20240903_20991231.pkl
2025-02-13,seg3_2025-01-01_2025-03-01,135.24566650390625,96628.79982250623,-0.03371200177493772,0.031645296317544425,89683.92013274904,-0.1031607986725096,0.031645296317544425,79598.77611896055,-0.20401223881039443,0.0,100000.0,0.0,0.0,85925.49354152592,-0.1407450645847408,0.031645296317544425,89778.01316436435,-0.10221986835635644,0.031645296317544425,E:\agent_proj\TradeSwarm\data\cache\NVDA_20240903_20991231.pkl
2025-02-14,seg3_2025-01-01_2025-03-01,138.8045196533203,99171.48911867304,-0.008285108813269604,0.026313990247600838,92043.86193248883,-0.07956138067511176,0.02631399024760106,79598.77611896055,-0.20401223881039443,0.0,100000.0,0.0,0.0,88186.53614059793,-0.11813463859402062,0.026313990247600838,92140.43092722043,-0.07859569072779571,0.026313990247600838,E:\agent_proj\TradeSwarm\data\cache\NVDA_20240903_20991231.pkl
2025-02-18,seg3_2025-01-01_2025-03-01,139.35433959960938,99564.3182783922,-0.004356817216078057,0.003961109823097164,92408.45777814541,-0.07591542221854586,0.003961109823097164,79598.77611896055,-0.20401223881039443,0.0,100000.0,0.0,0.0,88535.85269516938,-0.11464147304830619,0.003961109823097164,92505.40929327066,-0.07494590706729343,0.003961109823097386,E:\agent_proj\TradeSwarm\data\cache\NVDA_20240903_20991231.pkl
2025-02-19,seg3_2025-01-01_2025-03-01,139.1844024658203,99442.90350993571,-0.005570964900642905,-0.0012194606517266227,92295.76929999822,-0.0770423070000178,-0.0012194606517266227,79144.02266359383,-0.20855977336406173,-0.005713070948315746,100000.0,0.0,0.0,88427.88670654056,-0.1157211329345944,-0.0012194606517265116,92392.60258656564,-0.07607397413434358,-0.0012194606517266227,E:\agent_proj\TradeSwarm\data\cache\NVDA_20240903_20991231.pkl
2025-02-20,seg3_2025-01-01_2025-03-01,140.06411743164062,100071.4323458719,0.0007143234587190239,0.006320499641016442,92879.1246767262,-0.0712087532327379,0.006320499641016442,79644.25243042767,-0.20355747569572324,0.006320499641016442,100000.0,0.0,0.0,88986.79513272509,-0.11013204867274906,0.006320499641016442,92976.56999804662,-0.07023430001953379,0.006320499641016664,E:\agent_proj\TradeSwarm\data\cache\NVDA_20240903_20991231.pkl
2025-02-21,seg3_2025-01-01_2025-03-01,134.38595581054688,96014.56341374491,-0.03985436586255087,-0.04053973084052043,89113.8299616286,-0.10886170038371401,-0.040539730840520316,76415.49587390368,-0.23584504126096317,-0.040539730840520316,100000.0,0.0,0.0,85379.29440968389,-0.14620705590316108,-0.040539730840520316,90620.79910989916,-0.09379200890100836,-0.025337253118682956,E:\agent_proj\TradeSwarm\data\cache\NVDA_20240903_20991231.pkl
2025-02-24,seg3_2025-01-01_2025-03-01,130.23733520507812,93050.5037112199,-0.06949496288780099,-0.030870938711165197,86362.80237856596,-0.13637197621434038,-0.030870938711165197,74056.4777841971,-0.25943522215802906,-0.030870938711165308,100000.0,0.0,0.0,82743.55544476,-0.17256444555240003,-0.030870938711165308,90620.79910989916,-0.09379200890100836,0.0,E:\agent_proj\TradeSwarm\data\cache\NVDA_20240903_20991231.pkl
2025-02-25,seg3_2025-01-01_2025-03-01,126.5885238647461,90443.5421004769,-0.09556457899523096,-0.028016630826993127,83943.2076271411,-0.16056792372858897,-0.02801663082699324,71981.66478576983,-0.2801833521423017,-0.028016630826993127,100000.0,0.0,0.0,80425.35979855133,-0.19574640201448668,-0.028016630826993016,90620.79910989916,-0.09379200890100836,0.0,E:\agent_proj\TradeSwarm\data\cache\NVDA_20240903_20991231.pkl
2025-02-26,seg3_2025-01-01_2025-03-01,131.23699951171875,93764.73260056692,-0.062352673994330865,0.036721145843673364,87025.6983970031,-0.12974301602996896,0.036721145843673364,74624.91399643848,-0.2537508600356152,0.036721145843673364,100000.0,0.0,0.0,85741.32265531106,-0.14258677344688941,0.06609809231907815,90620.79910989916,-0.09379200890100836,0.0,E:\agent_proj\TradeSwarm\data\cache\NVDA_20240903_20991231.pkl
2025-02-27,seg3_2025-01-01_2025-03-01,120.11064910888672,85815.3031391855,-0.14184696860814494,-0.0847805911764884,78235.6238709251,-0.21764376129074892,-0.10100550398318553,68298.16967132583,-0.31701830328674174,-0.08478059117648828,100000.0,0.0,0.0,85741.32265531106,-0.14258677344688941,0.0,90620.79910989916,-0.09379200890100836,0.0,E:\agent_proj\TradeSwarm\data\cache\NVDA_20240903_20991231.pkl
2025-02-28,seg3_2025-01-01_2025-03-01,124.87908172607422,89222.19914365018,-0.10777800856349817,0.03970033175713383,78235.6238709251,-0.21764376129074892,0.0,71009.62966568249,-0.28990370334317517,0.03970033175713383,100000.0,0.0,0.0,85741.32265531106,-0.14258677344688941,0.0,90620.79910989916,-0.09379200890100836,0.0,E:\agent_proj\TradeSwarm\data\cache\NVDA_20240903_20991231.pkl
